id,name,display_order,last_modified_user_id,last_modified_date,created_user_id,created_date,private
1,"SN60WF",1,1,"1900-01-01 00:00:00",1,"1900-01-01 00:00:00",0
2,"MA60AC",2,1,"1900-01-01 00:00:00",1,"1900-01-01 00:00:00",0
3,"SA60AT",3,1,"1900-01-01 00:00:00",1,"1900-01-01 00:00:00",0
4,"MA60MA",4,1,"1900-01-01 00:00:00",1,"1900-01-01 00:00:00",0
5,"CZ70BD",5,1,"1900-01-01 00:00:00",1,"1900-01-01 00:00:00",0
6,"MTA3UO",6,1,"1900-01-01 00:00:00",1,"1900-01-01 00:00:00",0
7,"MTA4UO",7,1,"1900-01-01 00:00:00",1,"1900-01-01 00:00:00",0
8,"570C",8,1,"1900-01-01 00:00:00",1,"1900-01-01 00:00:00",1
9,"ADAPT-AO",9,1,"1900-01-01 00:00:00",1,"1900-01-01 00:00:00",1
10,"AKREOS.A",10,1,"1900-01-01 00:00:00",1,"1900-01-01 00:00:00",1
11,"AT 809M",11,1,"1900-01-01 00:00:00",1,"1900-01-01 00:00:00",1
12,"CT Asphina",12,1,"1900-01-01 00:00:00",1,"1900-01-01 00:00:00",1
13,"CZ70BD",13,1,"1900-01-01 00:00:00",1,"1900-01-01 00:00:00",1
14,"ICL",14,1,"1900-01-01 00:00:00",1,"1900-01-01 00:00:00",1
15,"L-302-1",15,1,"1900-01-01 00:00:00",1,"1900-01-01 00:00:00",1
16,"MA60AC",16,1,"1900-01-01 00:00:00",1,"1900-01-01 00:00:00",1
17,"MA60MA",17,1,"1900-01-01 00:00:00",1,"1900-01-01 00:00:00",1
18,"MTA3U0",18,1,"1900-01-01 00:00:00",1,"1900-01-01 00:00:00",1
19,"MTA4U0",19,1,"1900-01-01 00:00:00",1,"1900-01-01 00:00:00",1
20,"Oculentis L-313",20,1,"1900-01-01 00:00:00",1,"1900-01-01 00:00:00",1
21,"SA60AT",21,1,"1900-01-01 00:00:00",1,"1900-01-01 00:00:00",1
22,"SN60AT",22,1,"1900-01-01 00:00:00",1,"1900-01-01 00:00:00",1
23,"SN60T8",23,1,"1900-01-01 00:00:00",1,"1900-01-01 00:00:00",1
24,"SN60WF",24,1,"1900-01-01 00:00:00",1,"1900-01-01 00:00:00",1
25,"SN6AD1",25,1,"1900-01-01 00:00:00",1,"1900-01-01 00:00:00",1